date, time, 1.1.1.1, 64.98.135.91
2023-07-08, 16:46:59, 82, 234
2023-07-08, 16:47:00, 94, 234
2023-07-08, 16:47:01, 87, 235
2023-07-08, 16:47:02, 93, 235
2023-07-08, 16:47:03, 93, 236
2023-07-08, 16:47:05, 81, 248
2023-07-08, 16:47:06, 79, 243
2023-07-08, 16:47:07, 82, 233
2023-07-08, 16:47:08, 80, 237
2023-07-08, 16:47:09, 80, 248
2023-07-08, 16:47:10, 82, 238
2023-07-08, 16:47:11, 79, 239
2023-07-08, 16:47:12, 81, 235
2023-07-08, 16:47:13, 81, 234
2023-07-08, 16:47:14, 79, 237
2023-07-08, 16:47:15, 80, 234
2023-07-08, 16:47:16, 81, 234
2023-07-08, 16:47:17, 82, 233
2023-07-08, 16:47:18, 79, 236
2023-07-08, 16:47:19, 81, 235
2023-07-08, 16:47:20, 81, 234
2023-07-08, 16:47:21, 79, 235
2023-07-08, 16:47:22, 100, 237
2023-07-08, 16:47:23, 90, 233
2023-07-08, 16:47:25, 80, 241
2023-07-08, 16:47:26, 79, 235
2023-07-08, 16:47:27, 81, 236
2023-07-08, 16:47:28, 81, 235
2023-07-08, 16:47:29, 79, 243
2023-07-08, 16:47:30, 83, 241
2023-07-08, 16:47:31, 83, 235
2023-07-08, 16:47:32, 81, 235
2023-07-08, 16:47:33, 82, 233
2023-07-08, 16:47:34, 82, 234
2023-07-08, 16:47:35, 80, 236
2023-07-08, 16:47:36, 80, 234
2023-07-08, 16:47:37, 80, 234
2023-07-08, 16:47:38, 80, 234
2023-07-08, 16:47:39, 82, 237
2023-07-08, 16:47:40, 80, 236
2023-07-08, 16:47:41, 80, 234
2023-07-08, 16:47:42, 81, 236
2023-07-08, 16:47:43, 89, 236
2023-07-08, 16:47:44, 84, 235
2023-07-08, 16:47:46, 81, 235
2023-07-08, 16:47:47, 83, 243
2023-07-08, 16:47:48, 80, 238
2023-07-08, 16:47:49, 80, 235
2023-07-08, 16:47:50, 79, 235
2023-07-08, 16:47:51, 82, 250
2023-07-08, 16:47:52, 80, 244
2023-07-08, 16:47:53, 80, 246
2023-07-08, 16:47:54, 79, 239
2023-07-08, 16:47:55, 85, 236
2023-07-08, 16:47:56, 81, 234
2023-07-08, 16:47:57, 81, 237
2023-07-08, 16:47:58, 234, 389
2023-07-08, 16:47:59, 80, 234
2023-07-08, 16:48:00, 86, 241
2023-07-08, 16:48:01, 208, 358
2023-07-08, 16:48:02, 81, 237
2023-07-08, 16:48:03, 81, 235
2023-07-08, 16:48:04, 84, 235
2023-07-08, 16:48:05, 80, 235
2023-07-08, 16:48:06, 80, 234
2023-07-08, 16:48:07, 79, 235
2023-07-08, 16:48:08, 79, 235
2023-07-08, 16:48:09, 79, 237
2023-07-08, 16:48:10, 82, 234
2023-07-08, 16:48:11, 96, 233
2023-07-08, 16:48:13, 80, 238
2023-07-08, 16:48:14, 82, 236
2023-07-08, 16:48:15, 79, 236
2023-07-08, 16:48:16, 82, 234
2023-07-08, 16:48:17, 80, 236
2023-07-08, 16:48:18, 80, 234
2023-07-08, 16:48:19, 81, 237
2023-07-08, 16:48:20, 83, 233
2023-07-08, 16:48:21, 81, 236
2023-07-08, 16:48:22, 80, 234
2023-07-08, 16:48:23, 80, 237
2023-07-08, 16:48:24, 79, 235
2023-07-08, 16:48:25, 80, 233
2023-07-08, 16:48:26, 80, 235
2023-07-08, 16:48:27, 80, 234
2023-07-08, 16:48:28, 82, 237
2023-07-08, 16:48:29, 81, 235
2023-07-08, 16:48:30, 81, 234
2023-07-08, 16:48:31, 80, 234
2023-07-08, 16:48:32, 82, 235
2023-07-08, 16:48:33, 82, 235
2023-07-08, 16:48:34, 91, 235
2023-07-08, 16:48:36, 81, 234
2023-07-08, 16:48:37, 79, 261
2023-07-08, 16:48:38, 83, 247
2023-07-08, 16:48:39, 80, 237
2023-07-08, 16:48:40, 80, 237
2023-07-08, 16:48:41, 82, 235
2023-07-08, 16:48:42, 80, 236
2023-07-08, 16:48:43, 85, 236
2023-07-08, 16:48:44, 81, 235
2023-07-08, 16:48:45, 80, 235
2023-07-08, 16:48:46, 79, 235
2023-07-08, 16:48:47, 80, 233
2023-07-08, 16:48:48, 81, 234
2023-07-08, 16:48:49, 82, 234
2023-07-08, 16:48:50, 81, 234
2023-07-08, 16:48:51, 80, 234
2023-07-08, 16:48:52, 81, 234
2023-07-08, 16:48:53, 79, 236
2023-07-08, 16:48:54, 80, 237
2023-07-08, 16:48:55, 83, 235
2023-07-08, 16:48:56, 80, 235
2023-07-08, 16:48:58, 81, 249
2023-07-08, 16:48:59, 80, 250
2023-07-08, 16:49:00, 81, 237
2023-07-08, 16:49:01, 83, 235
2023-07-08, 16:49:02, 81, 236
2023-07-08, 16:49:03, 82, 237
2023-07-08, 16:49:04, 80, 244
2023-07-08, 16:49:05, 82, 235
2023-07-08, 16:49:06, 81, 241
2023-07-08, 16:49:07, 189, 346
2023-07-08, 16:49:08, 127, 281
2023-07-08, 16:49:09, 81, 235
2023-07-08, 16:49:10, 81, 234
2023-07-08, 16:49:11, 79, 234
2023-07-08, 16:49:12, 79, 233
2023-07-08, 16:49:13, 82, 232
2023-07-08, 16:49:14, 82, 235
2023-07-08, 16:49:15, 86, 237
2023-07-08, 16:49:16, 81, 233
2023-07-08, 16:49:17, 82, 235
2023-07-08, 16:49:18, 81, 234
2023-07-08, 16:49:19, 80, 236
2023-07-08, 16:49:20, 92, 235
2023-07-08, 16:49:22, 80, 244
2023-07-08, 16:49:23, 80, 237
2023-07-08, 16:49:24, 84, 233
2023-07-08, 16:49:25, 81, 235
2023-07-08, 16:49:26, 80, 235
2023-07-08, 16:49:27, 79, 238
2023-07-08, 16:49:28, 79, 235
2023-07-08, 16:49:29, 81, 235
2023-07-08, 16:49:30, 79, 236
2023-07-08, 16:49:31, 82, 234
2023-07-08, 16:49:32, 80, 237
2023-07-08, 16:49:34, 81, 0
2023-07-08, 16:49:34, 80, 234
2023-07-08, 16:49:35, 81, 234
2023-07-08, 16:49:36, 83, 235
2023-07-08, 16:49:37, 81, 233
2023-07-08, 16:49:38, 82, 236
2023-07-08, 16:49:39, 80, 235
2023-07-08, 16:49:40, 92, 236
2023-07-08, 16:49:42, 81, 244
2023-07-08, 16:49:43, 81, 247
2023-07-08, 16:49:44, 81, 253
2023-07-08, 16:49:45, 85, 235
2023-07-08, 16:49:46, 80, 248
2023-07-08, 16:49:47, 83, 244
2023-07-08, 16:49:48, 78, 235
2023-07-08, 16:49:49, 81, 235
2023-07-08, 16:49:50, 80, 237
2023-07-08, 16:49:51, 96, 248
2023-07-08, 16:49:52, 79, 235
2023-07-08, 16:49:53, 80, 233
2023-07-08, 16:49:54, 79, 247
2023-07-08, 16:49:55, 80, 236
2023-07-08, 16:49:56, 81, 236
2023-07-08, 16:49:57, 82, 234
2023-07-08, 16:49:58, 80, 234
2023-07-08, 16:49:59, 80, 237
2023-07-08, 16:50:00, 82, 236
2023-07-08, 16:50:02, 80, 0
2023-07-08, 16:50:02, 81, 234
2023-07-08, 16:50:03, 80, 234
2023-07-08, 16:50:04, 80, 234
2023-07-08, 16:50:05, 80, 236
2023-07-08, 16:50:06, 80, 236
2023-07-08, 16:50:07, 85, 237
2023-07-08, 16:50:08, 80, 234
2023-07-08, 16:50:09, 81, 234
2023-07-08, 16:50:10, 81, 235
2023-07-08, 16:50:11, 131, 278
2023-07-08, 16:50:12, 79, 234
2023-07-08, 16:50:13, 187, 328
2023-07-08, 16:50:14, 155, 309
2023-07-08, 16:50:16, 313, 468
2023-07-08, 16:50:17, 206, 363
2023-07-08, 16:50:17, 85, 233
2023-07-08, 16:50:19, 91, 236
2023-07-08, 16:50:19, 103, 234
2023-07-08, 16:50:21, 81, 250
2023-07-08, 16:50:22, 168, 321
2023-07-08, 16:50:23, 80, 237
2023-07-08, 16:50:24, 82, 233
2023-07-08, 16:50:25, 81, 234
2023-07-08, 16:50:26, 79, 233
2023-07-08, 16:50:27, 79, 233
2023-07-08, 16:50:28, 80, 234
2023-07-08, 16:50:29, 79, 233
2023-07-08, 16:50:30, 80, 241
2023-07-08, 16:50:31, 80, 247
2023-07-08, 16:50:32, 80, 234
2023-07-08, 16:50:33, 80, 234
2023-07-08, 16:50:34, 81, 234
2023-07-08, 16:50:35, 81, 234
2023-07-08, 16:50:36, 80, 233
2023-07-08, 16:50:37, 79, 238
2023-07-08, 16:50:38, 82, 237
2023-07-08, 16:50:39, 82, 235
2023-07-08, 16:50:40, 80, 233
2023-07-08, 16:50:41, 80, 233
2023-07-08, 16:50:42, 82, 234
2023-07-08, 16:50:43, 79, 234
2023-07-08, 16:50:44, 82, 235
2023-07-08, 16:50:45, 80, 236
2023-07-08, 16:50:46, 81, 235
2023-07-08, 16:50:47, 82, 235
2023-07-08, 16:50:48, 80, 236
2023-07-08, 16:50:49, 80, 235
2023-07-08, 16:50:50, 80, 236
2023-07-08, 16:50:51, 82, 234
2023-07-08, 16:50:52, 79, 236
2023-07-08, 16:50:53, 80, 234
2023-07-08, 16:50:54, 83, 236
2023-07-08, 16:50:55, 81, 235
2023-07-08, 16:50:56, 81, 234
2023-07-08, 16:50:57, 83, 234
2023-07-08, 16:50:59, 80, 255
2023-07-08, 16:51:00, 82, 250
2023-07-08, 16:51:01, 79, 252
2023-07-08, 16:51:02, 81, 235
2023-07-08, 16:51:03, 81, 235
2023-07-08, 16:51:04, 80, 249
2023-07-08, 16:51:05, 83, 234
2023-07-08, 16:51:06, 80, 240
2023-07-08, 16:51:07, 81, 233
2023-07-08, 16:51:08, 82, 235
2023-07-08, 16:51:09, 83, 235
2023-07-08, 16:51:11, 83, 0
2023-07-08, 16:51:11, 82, 234
2023-07-08, 16:51:12, 82, 238
2023-07-08, 16:51:13, 80, 233
2023-07-08, 16:51:14, 80, 235
2023-07-08, 16:51:15, 81, 235
2023-07-08, 16:51:16, 80, 236
2023-07-08, 16:51:17, 79, 233
2023-07-08, 16:51:18, 82, 233
2023-07-08, 16:51:19, 210, 363
2023-07-08, 16:51:20, 81, 235
2023-07-08, 16:51:21, 83, 234
2023-07-08, 16:51:22, 179, 335
2023-07-08, 16:51:23, 81, 234
2023-07-08, 16:51:24, 80, 234
2023-07-08, 16:51:25, 80, 236
2023-07-08, 16:51:26, 81, 234
2023-07-08, 16:51:27, 81, 233
2023-07-08, 16:51:28, 82, 233
2023-07-08, 16:51:29, 83, 237
2023-07-08, 16:51:30, 87, 235
2023-07-08, 16:51:31, 94, 234
2023-07-08, 16:51:33, 79, 239
2023-07-08, 16:51:34, 81, 252
2023-07-08, 16:51:35, 79, 251
2023-07-08, 16:51:36, 80, 237
2023-07-08, 16:51:37, 83, 234
2023-07-08, 16:51:38, 80, 235
2023-07-08, 16:51:39, 80, 237
2023-07-08, 16:51:40, 80, 234
2023-07-08, 16:51:41, 80, 235
2023-07-08, 16:51:42, 79, 237
2023-07-08, 16:51:43, 78, 247
2023-07-08, 16:51:44, 81, 251
2023-07-08, 16:51:45, 107, 262
2023-07-08, 16:51:46, 80, 239
2023-07-08, 16:51:47, 81, 234
2023-07-08, 16:51:48, 81, 235
2023-07-08, 16:51:49, 80, 234
2023-07-08, 16:51:50, 81, 236
2023-07-08, 16:51:51, 81, 235
2023-07-08, 16:51:52, 80, 235
2023-07-08, 16:51:53, 79, 234
2023-07-08, 16:51:54, 80, 233
2023-07-08, 16:51:55, 81, 235
2023-07-08, 16:51:56, 79, 237
2023-07-08, 16:51:57, 80, 234
2023-07-08, 16:51:58, 80, 236
2023-07-08, 16:51:59, 80, 235
2023-07-08, 16:52:01, 236, 0
2023-07-08, 16:52:01, 79, 236
2023-07-08, 16:52:02, 81, 235
2023-07-08, 16:52:03, 79, 237
2023-07-08, 16:52:04, 80, 236
2023-07-08, 16:52:05, 79, 235
2023-07-08, 16:52:06, 80, 234
2023-07-08, 16:52:07, 79, 235
2023-07-08, 16:52:08, 83, 235
2023-07-08, 16:52:09, 80, 234
2023-07-08, 16:52:10, 80, 236
2023-07-08, 16:52:11, 96, 234
2023-07-08, 16:52:12, 91, 235
2023-07-08, 16:52:14, 156, 335
2023-07-08, 16:52:14, 87, 234
2023-07-08, 16:52:16, 81, 237
2023-07-08, 16:52:17, 81, 0
2023-07-08, 16:52:18, 81, 235
2023-07-08, 16:52:19, 117, 278
2023-07-08, 16:52:20, 81, 252
2023-07-08, 16:52:21, 80, 242
2023-07-08, 16:52:22, 82, 237
2023-07-08, 16:52:23, 85, 237
2023-07-08, 16:52:24, 83, 234
2023-07-08, 16:52:25, 128, 281
2023-07-08, 16:52:26, 82, 234
2023-07-08, 16:52:27, 158, 310
2023-07-08, 16:52:28, 79, 233
2023-07-08, 16:52:29, 80, 235
2023-07-08, 16:52:30, 80, 237
2023-07-08, 16:52:31, 82, 233
2023-07-08, 16:52:32, 82, 235
2023-07-08, 16:52:33, 79, 235
2023-07-08, 16:52:34, 79, 235
2023-07-08, 16:52:35, 80, 233
2023-07-08, 16:52:36, 79, 234
2023-07-08, 16:52:37, 80, 234
2023-07-08, 16:52:38, 80, 237
2023-07-08, 16:52:39, 79, 235
2023-07-08, 16:52:40, 82, 235
2023-07-08, 16:52:41, 79, 236
2023-07-08, 16:52:42, 195, 351
2023-07-08, 16:52:43, 79, 235
2023-07-08, 16:52:44, 82, 235
2023-07-08, 16:52:45, 81, 235
2023-07-08, 16:52:46, 81, 233
2023-07-08, 16:52:47, 82, 233
2023-07-08, 16:52:48, 81, 234
2023-07-08, 16:52:49, 81, 234
2023-07-08, 16:52:50, 98, 235
2023-07-08, 16:52:51, 89, 236
2023-07-08, 16:52:52, 91, 235
2023-07-08, 16:52:54, 84, 247
2023-07-08, 16:52:55, 80, 244
2023-07-08, 16:52:56, 83, 234
2023-07-08, 16:52:57, 80, 234
2023-07-08, 16:52:58, 79, 235
2023-07-08, 16:52:59, 80, 235
2023-07-08, 16:53:00, 79, 254
2023-07-08, 16:53:01, 81, 240
2023-07-08, 16:53:02, 82, 235
2023-07-08, 16:53:03, 80, 235
2023-07-08, 16:53:04, 79, 235
2023-07-08, 16:53:05, 80, 234
2023-07-08, 16:53:06, 82, 234
2023-07-08, 16:53:07, 84, 234
2023-07-08, 16:53:08, 79, 234
2023-07-08, 16:53:10, 78, 0
2023-07-08, 16:53:10, 81, 234
2023-07-08, 16:53:11, 82, 235
2023-07-08, 16:53:12, 81, 237
2023-07-08, 16:53:13, 80, 235
2023-07-08, 16:53:14, 80, 235
2023-07-08, 16:53:15, 82, 235
2023-07-08, 16:53:16, 79, 234
2023-07-08, 16:53:17, 80, 234
2023-07-08, 16:53:18, 81, 236
2023-07-08, 16:53:19, 83, 235
2023-07-08, 16:53:20, 79, 236
2023-07-08, 16:53:21, 80, 236
2023-07-08, 16:53:22, 80, 234
2023-07-08, 16:53:23, 91, 232
2023-07-08, 16:53:25, 81, 252
2023-07-08, 16:53:26, 81, 238
2023-07-08, 16:53:27, 81, 241
2023-07-08, 16:53:28, 81, 235
2023-07-08, 16:53:29, 102, 254
2023-07-08, 16:53:30, 174, 333
2023-07-08, 16:53:31, 193, 347
2023-07-08, 16:53:32, 82, 252
2023-07-08, 16:53:33, 97, 261
2023-07-08, 16:53:34, 81, 243
2023-07-08, 16:53:35, 85, 235
2023-07-08, 16:53:37, 81, 0
2023-07-08, 16:53:37, 79, 235
2023-07-08, 16:53:38, 233, 81
2023-07-08, 16:53:39, 82, 234
2023-07-08, 16:53:40, 80, 234
2023-07-08, 16:53:41, 81, 236
2023-07-08, 16:53:42, 79, 232
2023-07-08, 16:53:43, 81, 236
2023-07-08, 16:53:44, 79, 236
2023-07-08, 16:53:45, 80, 234
2023-07-08, 16:53:46, 81, 234
2023-07-08, 16:53:47, 80, 234
2023-07-08, 16:53:48, 82, 235
2023-07-08, 16:53:49, 83, 238
2023-07-08, 16:53:50, 82, 236
2023-07-08, 16:53:52, 238, 0
2023-07-08, 16:53:52, 80, 236
2023-07-08, 16:53:53, 79, 237
2023-07-08, 16:53:54, 80, 235
2023-07-08, 16:53:55, 80, 234
2023-07-08, 16:53:56, 81, 236
2023-07-08, 16:53:57, 80, 236
2023-07-08, 16:53:58, 81, 235
2023-07-08, 16:53:59, 82, 239
2023-07-08, 16:54:00, 80, 237
2023-07-08, 16:54:01, 94, 235
2023-07-08, 16:54:02, 86, 237
2023-07-08, 16:54:03, 85, 236
2023-07-08, 16:54:05, 80, 234
2023-07-08, 16:54:06, 80, 248
2023-07-08, 16:54:07, 81, 239
2023-07-08, 16:54:08, 79, 240
2023-07-08, 16:54:09, 83, 234
2023-07-08, 16:54:10, 87, 235
2023-07-08, 16:54:11, 82, 235
2023-07-08, 16:54:12, 82, 234
2023-07-08, 16:54:13, 81, 235
2023-07-08, 16:54:14, 79, 243
2023-07-08, 16:54:15, 96, 251
2023-07-08, 16:54:16, 80, 269
2023-07-08, 16:54:17, 80, 236
2023-07-08, 16:54:18, 79, 233
2023-07-08, 16:54:19, 81, 234
2023-07-08, 16:54:20, 80, 234
2023-07-08, 16:54:21, 83, 235
2023-07-08, 16:54:22, 79, 236
2023-07-08, 16:54:23, 79, 236
2023-07-08, 16:54:24, 83, 234
2023-07-08, 16:54:25, 81, 233
2023-07-08, 16:54:26, 82, 234
2023-07-08, 16:54:27, 82, 234
2023-07-08, 16:54:28, 81, 238
2023-07-08, 16:54:29, 82, 233
2023-07-08, 16:54:30, 81, 235
2023-07-08, 16:54:31, 79, 235
2023-07-08, 16:54:32, 84, 235
2023-07-08, 16:54:33, 89, 236
2023-07-08, 16:54:35, 199, 365
2023-07-08, 16:54:36, 207, 357
2023-07-08, 16:54:37, 83, 253
2023-07-08, 16:54:38, 195, 349
2023-07-08, 16:54:39, 81, 236
2023-07-08, 16:54:40, 82, 233
2023-07-08, 16:54:41, 80, 251
2023-07-08, 16:54:42, 80, 247
2023-07-08, 16:54:43, 79, 241
2023-07-08, 16:54:44, 81, 236
2023-07-08, 16:54:45, 80, 236
2023-07-08, 16:54:46, 80, 236
2023-07-08, 16:54:47, 82, 234
2023-07-08, 16:54:48, 79, 235
2023-07-08, 16:54:49, 83, 234
2023-07-08, 16:54:50, 81, 234
2023-07-08, 16:54:51, 80, 235
2023-07-08, 16:54:52, 82, 235
2023-07-08, 16:54:53, 80, 236
2023-07-08, 16:54:54, 80, 235
2023-07-08, 16:54:55, 80, 235
2023-07-08, 16:54:56, 81, 234
2023-07-08, 16:54:57, 80, 238
2023-07-08, 16:54:58, 81, 237
2023-07-08, 16:54:59, 81, 236
2023-07-08, 16:55:00, 81, 236
2023-07-08, 16:55:01, 92, 235
2023-07-08, 16:55:03, 87, 237
2023-07-08, 16:55:04, 80, 236
2023-07-08, 16:55:05, 84, 252
2023-07-08, 16:55:06, 81, 235
2023-07-08, 16:55:07, 79, 234
2023-07-08, 16:55:08, 81, 236
2023-07-08, 16:55:09, 80, 240
2023-07-08, 16:55:10, 84, 238
2023-07-08, 16:55:11, 83, 236
2023-07-08, 16:55:12, 79, 234
2023-07-08, 16:55:13, 81, 238
2023-07-08, 16:55:14, 82, 235
2023-07-08, 16:55:15, 79, 234
2023-07-08, 16:55:16, 79, 233
2023-07-08, 16:55:17, 80, 235
2023-07-08, 16:55:18, 80, 233
2023-07-08, 16:55:19, 82, 234
2023-07-08, 16:55:20, 80, 235
2023-07-08, 16:55:21, 80, 235
2023-07-08, 16:55:22, 81, 235
2023-07-08, 16:55:23, 81, 234
2023-07-08, 16:55:24, 80, 236
2023-07-08, 16:55:25, 81, 237
2023-07-08, 16:55:26, 81, 235
2023-07-08, 16:55:27, 81, 233
2023-07-08, 16:55:28, 80, 233
2023-07-08, 16:55:29, 82, 236
2023-07-08, 16:55:30, 81, 234
2023-07-08, 16:55:31, 80, 234
2023-07-08, 16:55:32, 80, 233
2023-07-08, 16:55:33, 81, 233
2023-07-08, 16:55:34, 79, 235
2023-07-08, 16:55:35, 80, 239
2023-07-08, 16:55:36, 98, 235
2023-07-08, 16:55:37, 81, 234
2023-07-08, 16:55:38, 80, 236
2023-07-08, 16:55:40, 190, 345
2023-07-08, 16:55:41, 82, 242
2023-07-08, 16:55:42, 80, 235
2023-07-08, 16:55:43, 79, 236
2023-07-08, 16:55:44, 149, 294
2023-07-08, 16:55:45, 83, 234
2023-07-08, 16:55:46, 144, 299
2023-07-08, 16:55:47, 203, 359
2023-07-08, 16:55:48, 80, 235
2023-07-08, 16:55:49, 81, 234
2023-07-08, 16:55:50, 81, 235
2023-07-08, 16:55:51, 87, 243
2023-07-08, 16:55:52, 80, 234
2023-07-08, 16:55:53, 79, 236
2023-07-08, 16:55:54, 81, 235
2023-07-08, 16:55:55, 81, 236
2023-07-08, 16:55:56, 81, 238
2023-07-08, 16:55:57, 81, 234
2023-07-08, 16:55:58, 81, 235
2023-07-08, 16:55:59, 83, 234
2023-07-08, 16:56:00, 81, 235
2023-07-08, 16:56:01, 83, 234
2023-07-08, 16:56:02, 82, 236
2023-07-08, 16:56:03, 83, 235
2023-07-08, 16:56:04, 80, 234
2023-07-08, 16:56:05, 81, 234
2023-07-08, 16:56:06, 83, 236
2023-07-08, 16:56:07, 80, 234
2023-07-08, 16:56:08, 87, 237
2023-07-08, 16:56:09, 87, 238
2023-07-08, 16:56:11, 82, 249
2023-07-08, 16:56:12, 80, 246
2023-07-08, 16:56:13, 83, 243
2023-07-08, 16:56:14, 81, 236
2023-07-08, 16:56:15, 85, 235
2023-07-08, 16:56:16, 80, 234
2023-07-08, 16:56:17, 80, 237
2023-07-08, 16:56:18, 84, 247
2023-07-08, 16:56:19, 79, 256
2023-07-08, 16:56:20, 81, 239
2023-07-08, 16:56:21, 80, 233
2023-07-08, 16:56:22, 81, 235
2023-07-08, 16:56:23, 84, 236
2023-07-08, 16:56:24, 81, 234
2023-07-08, 16:56:25, 80, 234
2023-07-08, 16:56:26, 79, 235
2023-07-08, 16:56:27, 79, 234
2023-07-08, 16:56:28, 83, 235
2023-07-08, 16:56:29, 78, 235
2023-07-08, 16:56:30, 83, 236
2023-07-08, 16:56:31, 81, 235
2023-07-08, 16:56:32, 81, 235
2023-07-08, 16:56:33, 83, 235
2023-07-08, 16:56:34, 82, 233
2023-07-08, 16:56:35, 80, 233
2023-07-08, 16:56:36, 113, 235
2023-07-08, 16:56:37, 258, 398
2023-07-08, 16:56:39, 79, 236
2023-07-08, 16:56:40, 81, 260
2023-07-08, 16:56:41, 331, 484
2023-07-08, 16:56:42, 198, 353
2023-07-08, 16:56:43, 324, 436
2023-07-08, 16:56:44, 190, 361
2023-07-08, 16:56:45, 441, 0
2023-07-08, 16:56:46, 199, 355
2023-07-08, 16:56:47, 282, 492
2023-07-08, 16:56:48, 251, 427
2023-07-08, 16:56:49, 81, 237
2023-07-08, 16:56:50, 81, 240
2023-07-08, 16:56:51, 311, 461
2023-07-08, 16:56:52, 83, 234
2023-07-08, 16:56:53, 156, 317
2023-07-08, 16:56:54, 126, 283
2023-07-08, 16:56:55, 82, 242
2023-07-08, 16:56:56, 81, 235
2023-07-08, 16:56:57, 182, 333
2023-07-08, 16:56:58, 461, 617
2023-07-08, 16:56:59, 82, 235
2023-07-08, 16:57:00, 79, 234
2023-07-08, 16:57:01, 80, 235
2023-07-08, 16:57:02, 81, 233
2023-07-08, 16:57:03, 82, 234
2023-07-08, 16:57:04, 88, 242
2023-07-08, 16:57:05, 79, 235
2023-07-08, 16:57:06, 81, 234
2023-07-08, 16:57:07, 83, 235
2023-07-08, 16:57:08, 79, 237
2023-07-08, 16:57:09, 79, 236
2023-07-08, 16:57:10, 80, 237
2023-07-08, 16:57:11, 81, 238
2023-07-08, 16:57:12, 82, 234
2023-07-08, 16:57:13, 81, 234
2023-07-08, 16:57:14, 81, 233
2023-07-08, 16:57:15, 89, 236
2023-07-08, 16:57:17, 85, 252
2023-07-08, 16:57:18, 81, 255
2023-07-08, 16:57:19, 82, 239
2023-07-08, 16:57:20, 80, 242
2023-07-08, 16:57:21, 80, 238
2023-07-08, 16:57:22, 81, 234
2023-07-08, 16:57:23, 79, 237
2023-07-08, 16:57:24, 81, 251
2023-07-08, 16:57:25, 83, 235
2023-07-08, 16:57:26, 81, 236
2023-07-08, 16:57:27, 80, 236
2023-07-08, 16:57:28, 84, 239
2023-07-08, 16:57:29, 82, 235
2023-07-08, 16:57:30, 83, 236
2023-07-08, 16:57:31, 83, 236
2023-07-08, 16:57:32, 81, 235
2023-07-08, 16:57:33, 82, 234
2023-07-08, 16:57:34, 82, 234
2023-07-08, 16:57:35, 79, 239
2023-07-08, 16:57:36, 81, 234
2023-07-08, 16:57:37, 80, 236
2023-07-08, 16:57:38, 80, 235
2023-07-08, 16:57:39, 82, 233
2023-07-08, 16:57:40, 84, 236
2023-07-08, 16:57:41, 89, 239
2023-07-08, 16:57:42, 79, 236
2023-07-08, 16:57:43, 86, 233
2023-07-08, 16:57:44, 79, 245
2023-07-08, 16:57:45, 81, 234
2023-07-08, 16:57:46, 81, 234
2023-07-08, 16:57:47, 81, 237
2023-07-08, 16:57:48, 80, 242
2023-07-08, 16:57:49, 80, 234
2023-07-08, 16:57:50, 81, 235
2023-07-08, 16:57:51, 86, 236
2023-07-08, 16:57:52, 81, 234
2023-07-08, 16:57:53, 80, 234
2023-07-08, 16:57:54, 88, 234
2023-07-08, 16:57:55, 93, 232
2023-07-08, 16:57:56, 93, 233
2023-07-08, 16:57:57, 99, 243
2023-07-08, 16:57:59, 79, 234
2023-07-08, 16:58:00, 82, 243
2023-07-08, 16:58:01, 124, 276
2023-07-08, 16:58:02, 83, 235
2023-07-08, 16:58:03, 96, 234
2023-07-08, 16:58:04, 139, 308
2023-07-08, 16:58:05, 204, 357
2023-07-08, 16:58:06, 82, 236
2023-07-08, 16:58:07, 80, 249
2023-07-08, 16:58:08, 80, 242
2023-07-08, 16:58:09, 80, 235
2023-07-08, 16:58:10, 81, 241
2023-07-08, 16:58:11, 81, 233
2023-07-08, 16:58:12, 81, 236
2023-07-08, 16:58:13, 80, 234
2023-07-08, 16:58:14, 81, 235
2023-07-08, 16:58:15, 79, 235
2023-07-08, 16:58:16, 80, 233
2023-07-08, 16:58:17, 80, 236
2023-07-08, 16:58:18, 84, 235
2023-07-08, 16:58:19, 80, 233
2023-07-08, 16:58:20, 82, 234
2023-07-08, 16:58:21, 82, 233
2023-07-08, 16:58:22, 80, 236
2023-07-08, 16:58:23, 80, 234
2023-07-08, 16:58:24, 82, 234
2023-07-08, 16:58:25, 80, 234
2023-07-08, 16:58:26, 81, 233
2023-07-08, 16:58:27, 81, 234
2023-07-08, 16:58:28, 80, 236
2023-07-08, 16:58:29, 80, 235
2023-07-08, 16:58:30, 81, 235
2023-07-08, 16:58:31, 82, 233
2023-07-08, 16:58:32, 80, 238
2023-07-08, 16:58:33, 80, 237
2023-07-08, 16:58:34, 81, 238
2023-07-08, 16:58:35, 81, 235
2023-07-08, 16:58:36, 82, 236
2023-07-08, 16:58:37, 80, 235
2023-07-08, 16:58:38, 85, 234
2023-07-08, 16:58:39, 84, 235
2023-07-08, 16:58:40, 81, 236
2023-07-08, 16:58:41, 83, 236
2023-07-08, 16:58:42, 81, 233
2023-07-08, 16:58:43, 81, 235
2023-07-08, 16:58:44, 83, 234
2023-07-08, 16:58:45, 80, 235
2023-07-08, 16:58:46, 83, 235
2023-07-08, 16:58:47, 81, 235
2023-07-08, 16:58:48, 83, 236
2023-07-08, 16:58:49, 80, 234
2023-07-08, 16:58:50, 80, 236
2023-07-08, 16:58:51, 80, 238
2023-07-08, 16:58:52, 81, 234
2023-07-08, 16:58:53, 83, 235
2023-07-08, 16:58:54, 82, 234
2023-07-08, 16:58:55, 81, 236
2023-07-08, 16:58:56, 83, 235
2023-07-08, 16:58:57, 83, 235
2023-07-08, 16:58:58, 79, 236
2023-07-08, 16:58:59, 79, 235
2023-07-08, 16:59:00, 84, 236
2023-07-08, 16:59:01, 82, 234
2023-07-08, 16:59:02, 81, 236
2023-07-08, 16:59:03, 82, 235
2023-07-08, 16:59:04, 79, 237
2023-07-08, 16:59:05, 251, 403
2023-07-08, 16:59:06, 183, 338
2023-07-08, 16:59:07, 183, 340
2023-07-08, 16:59:08, 160, 312
2023-07-08, 16:59:09, 162, 319
2023-07-08, 16:59:10, 80, 237
2023-07-08, 16:59:11, 82, 234
2023-07-08, 16:59:12, 82, 236
2023-07-08, 16:59:13, 84, 235
2023-07-08, 16:59:14, 82, 236
2023-07-08, 16:59:15, 79, 237
2023-07-08, 16:59:16, 80, 235
2023-07-08, 16:59:17, 80, 236
2023-07-08, 16:59:18, 90, 236
2023-07-08, 16:59:19, 80, 235
2023-07-08, 16:59:20, 99, 234
2023-07-08, 16:59:21, 93, 236
2023-07-08, 16:59:23, 82, 234
2023-07-08, 16:59:24, 81, 235
2023-07-08, 16:59:25, 83, 256
2023-07-08, 16:59:26, 84, 246
2023-07-08, 16:59:27, 81, 236
2023-07-08, 16:59:28, 82, 234
2023-07-08, 16:59:29, 81, 235
2023-07-08, 16:59:30, 80, 235
2023-07-08, 16:59:31, 81, 237
2023-07-08, 16:59:32, 80, 236
2023-07-08, 16:59:33, 80, 237
2023-07-08, 16:59:34, 80, 234
2023-07-08, 16:59:35, 85, 234
2023-07-08, 16:59:36, 82, 238
2023-07-08, 16:59:37, 81, 233
2023-07-08, 16:59:38, 80, 236
2023-07-08, 16:59:39, 81, 236
2023-07-08, 16:59:40, 82, 251
2023-07-08, 16:59:41, 79, 244
2023-07-08, 16:59:42, 81, 237
2023-07-08, 16:59:43, 79, 233
2023-07-08, 16:59:44, 79, 233
2023-07-08, 16:59:45, 80, 234
2023-07-08, 16:59:46, 79, 235
2023-07-08, 16:59:47, 80, 236
2023-07-08, 16:59:48, 82, 237
2023-07-08, 16:59:49, 83, 234
2023-07-08, 16:59:50, 79, 234
2023-07-08, 16:59:51, 81, 234
2023-07-08, 16:59:52, 78, 237
2023-07-08, 16:59:53, 81, 234
2023-07-08, 16:59:54, 81, 235
2023-07-08, 16:59:55, 82, 234
2023-07-08, 16:59:56, 80, 235
2023-07-08, 16:59:57, 81, 238
2023-07-08, 16:59:58, 80, 237
2023-07-08, 16:59:59, 81, 233
2023-07-08, 17:00:00, 80, 234
2023-07-08, 17:00:01, 80, 236
2023-07-08, 17:00:02, 81, 234
2023-07-08, 17:00:03, 80, 233
2023-07-08, 17:00:04, 80, 232
2023-07-08, 17:00:05, 81, 233
2023-07-08, 17:00:06, 79, 233
2023-07-08, 17:00:07, 82, 236
2023-07-08, 17:00:08, 79, 238
2023-07-08, 17:00:09, 80, 234
2023-07-08, 17:00:10, 80, 235
2023-07-08, 17:00:11, 80, 233
2023-07-08, 17:00:12, 80, 237
2023-07-08, 17:00:13, 80, 235
2023-07-08, 17:00:14, 79, 236
2023-07-08, 17:00:15, 235, 393
2023-07-08, 17:00:16, 242, 397
2023-07-08, 17:00:17, 299, 440
2023-07-08, 17:00:18, 127, 271
2023-07-08, 17:00:19, 292, 445
2023-07-08, 17:00:20, 80, 233
2023-07-08, 17:00:21, 80, 234
2023-07-08, 17:00:22, 80, 237
2023-07-08, 17:00:23, 83, 235
2023-07-08, 17:00:24, 80, 234
2023-07-08, 17:00:25, 83, 232
2023-07-08, 17:00:26, 80, 235
2023-07-08, 17:00:27, 84, 235
2023-07-08, 17:00:28, 79, 238
2023-07-08, 17:00:29, 80, 237
2023-07-08, 17:00:30, 82, 234
2023-07-08, 17:00:31, 79, 237
2023-07-08, 17:00:32, 82, 234
2023-07-08, 17:00:33, 82, 235
2023-07-08, 17:00:34, 80, 234
2023-07-08, 17:00:35, 79, 235
2023-07-08, 17:00:36, 96, 234
2023-07-08, 17:00:37, 89, 234
2023-07-08, 17:00:38, 95, 235
2023-07-08, 17:00:39, 88, 234
2023-07-08, 17:00:40, 82, 237
2023-07-08, 17:00:41, 80, 237
2023-07-08, 17:00:42, 93, 234
2023-07-08, 17:00:43, 91, 234
2023-07-08, 17:00:44, 91, 236
2023-07-08, 17:00:46, 83, 236
2023-07-08, 17:00:47, 82, 235
2023-07-08, 17:00:48, 80, 254
2023-07-08, 17:00:49, 80, 244
2023-07-08, 17:00:50, 82, 235
2023-07-08, 17:00:51, 80, 236
2023-07-08, 17:00:52, 81, 239
2023-07-08, 17:00:53, 82, 236
2023-07-08, 17:00:54, 83, 255
2023-07-08, 17:00:55, 81, 238
2023-07-08, 17:00:56, 97, 255
2023-07-08, 17:00:57, 81, 237
2023-07-08, 17:00:58, 81, 237
2023-07-08, 17:00:59, 83, 236
2023-07-08, 17:01:00, 81, 238
2023-07-08, 17:01:01, 84, 247
2023-07-08, 17:01:02, 88, 234
2023-07-08, 17:01:03, 89, 243
2023-07-08, 17:01:04, 80, 236
2023-07-08, 17:01:05, 185, 341
2023-07-08, 17:01:06, 82, 234
2023-07-08, 17:01:07, 81, 236
2023-07-08, 17:01:08, 81, 235
2023-07-08, 17:01:09, 80, 233
2023-07-08, 17:01:10, 79, 241
2023-07-08, 17:01:11, 93, 235
2023-07-08, 17:01:12, 79, 233
2023-07-08, 17:01:13, 81, 243
2023-07-08, 17:01:14, 81, 237
2023-07-08, 17:01:15, 80, 237
2023-07-08, 17:01:16, 79, 235
2023-07-08, 17:01:17, 87, 238
2023-07-08, 17:01:18, 93, 247
2023-07-08, 17:01:19, 82, 234
2023-07-08, 17:01:20, 81, 235
2023-07-08, 17:01:21, 80, 236
2023-07-08, 17:01:22, 82, 235
2023-07-08, 17:01:23, 81, 236
2023-07-08, 17:01:24, 82, 235
2023-07-08, 17:01:25, 82, 236
2023-07-08, 17:01:26, 165, 324
2023-07-08, 17:01:27, 83, 235
2023-07-08, 17:01:28, 83, 235
2023-07-08, 17:01:29, 81, 237
2023-07-08, 17:01:30, 80, 234
2023-07-08, 17:01:31, 83, 236
2023-07-08, 17:01:32, 85, 236
2023-07-08, 17:01:33, 80, 236
2023-07-08, 17:01:34, 112, 251
2023-07-08, 17:01:35, 97, 235
2023-07-08, 17:01:36, 89, 236
2023-07-08, 17:01:37, 86, 235
2023-07-08, 17:01:38, 84, 238
2023-07-08, 17:01:39, 95, 234
2023-07-08, 17:01:40, 97, 233
2023-07-08, 17:01:42, 97, 236
2023-07-08, 17:01:43, 79, 239
2023-07-08, 17:01:44, 81, 267
2023-07-08, 17:01:45, 82, 262
2023-07-08, 17:01:46, 80, 245
2023-07-08, 17:01:47, 79, 235
2023-07-08, 17:01:48, 80, 236
2023-07-08, 17:01:49, 81, 234
2023-07-08, 17:01:50, 83, 235
2023-07-08, 17:01:51, 80, 235
2023-07-08, 17:01:52, 80, 236
2023-07-08, 17:01:53, 83, 234
2023-07-08, 17:01:54, 84, 234
2023-07-08, 17:01:55, 79, 235
2023-07-08, 17:01:56, 80, 234
2023-07-08, 17:01:57, 83, 234
2023-07-08, 17:01:58, 84, 235
2023-07-08, 17:01:59, 80, 236
2023-07-08, 17:02:00, 80, 237
2023-07-08, 17:02:01, 81, 253
2023-07-08, 17:02:02, 81, 248
2023-07-08, 17:02:03, 80, 241
2023-07-08, 17:02:04, 80, 241
2023-07-08, 17:02:05, 79, 236
2023-07-08, 17:02:06, 79, 235
2023-07-08, 17:02:07, 80, 235
2023-07-08, 17:02:08, 79, 235
2023-07-08, 17:02:09, 82, 233
2023-07-08, 17:02:10, 79, 236
2023-07-08, 17:02:11, 79, 233
2023-07-08, 17:02:12, 83, 235
2023-07-08, 17:02:13, 81, 234
2023-07-08, 17:02:14, 84, 236
2023-07-08, 17:02:15, 81, 236
2023-07-08, 17:02:16, 82, 234
2023-07-08, 17:02:17, 82, 234
2023-07-08, 17:02:18, 78, 236
2023-07-08, 17:02:19, 80, 233
2023-07-08, 17:02:20, 81, 235
2023-07-08, 17:02:21, 78, 234
2023-07-08, 17:02:22, 80, 234
2023-07-08, 17:02:23, 80, 235
2023-07-08, 17:02:24, 81, 234
2023-07-08, 17:02:25, 79, 236
2023-07-08, 17:02:26, 80, 236
2023-07-08, 17:02:27, 79, 234
2023-07-08, 17:02:28, 79, 234
2023-07-08, 17:02:29, 81, 234
2023-07-08, 17:02:30, 80, 234
2023-07-08, 17:02:31, 79, 234
2023-07-08, 17:02:32, 79, 235
2023-07-08, 17:02:33, 82, 233
2023-07-08, 17:02:34, 82, 233
2023-07-08, 17:02:35, 84, 237
2023-07-08, 17:02:36, 80, 235
2023-07-08, 17:02:37, 81, 237
2023-07-08, 17:02:38, 81, 235
2023-07-08, 17:02:39, 81, 235
2023-07-08, 17:02:40, 80, 237
2023-07-08, 17:02:41, 81, 237
2023-07-08, 17:02:42, 284, 432
2023-07-08, 17:02:43, 82, 234
2023-07-08, 17:02:44, 79, 237
2023-07-08, 17:02:45, 81, 239
2023-07-08, 17:02:46, 81, 234
2023-07-08, 17:02:47, 237, 393
2023-07-08, 17:02:48, 80, 237
2023-07-08, 17:02:49, 83, 235
2023-07-08, 17:02:50, 80, 235
2023-07-08, 17:02:51, 80, 234
2023-07-08, 17:02:52, 80, 234
2023-07-08, 17:02:53, 81, 234
2023-07-08, 17:02:54, 81, 234
2023-07-08, 17:02:55, 80, 234
2023-07-08, 17:02:56, 80, 233
2023-07-08, 17:02:57, 79, 234
2023-07-08, 17:02:58, 83, 235
2023-07-08, 17:02:59, 82, 238
2023-07-08, 17:03:00, 80, 238
2023-07-08, 17:03:01, 80, 236
2023-07-08, 17:03:02, 93, 236
2023-07-08, 17:03:03, 87, 236
2023-07-08, 17:03:05, 89, 234
2023-07-08, 17:03:06, 82, 248
2023-07-08, 17:03:07, 81, 241
2023-07-08, 17:03:08, 79, 237
2023-07-08, 17:03:09, 81, 234
2023-07-08, 17:03:10, 83, 235
2023-07-08, 17:03:11, 79, 236
2023-07-08, 17:03:12, 81, 233
2023-07-08, 17:03:13, 78, 234
2023-07-08, 17:03:14, 80, 235
2023-07-08, 17:03:15, 82, 251
2023-07-08, 17:03:16, 81, 239
2023-07-08, 17:03:17, 79, 235
2023-07-08, 17:03:18, 82, 234
2023-07-08, 17:03:19, 86, 238
2023-07-08, 17:03:20, 81, 233
2023-07-08, 17:03:21, 80, 236
2023-07-08, 17:03:22, 80, 234
2023-07-08, 17:03:23, 79, 236
2023-07-08, 17:03:24, 81, 233
2023-07-08, 17:03:25, 82, 237
2023-07-08, 17:03:26, 82, 234
2023-07-08, 17:03:27, 81, 236
2023-07-08, 17:03:28, 79, 238
2023-07-08, 17:03:29, 81, 235
2023-07-08, 17:03:30, 83, 235
2023-07-08, 17:03:31, 79, 235
2023-07-08, 17:03:32, 350, 502
2023-07-08, 17:03:33, 80, 234
2023-07-08, 17:03:34, 79, 234
2023-07-08, 17:03:35, 80, 236
2023-07-08, 17:03:36, 80, 233
2023-07-08, 17:03:37, 81, 235
2023-07-08, 17:03:38, 80, 237
2023-07-08, 17:03:39, 79, 234
2023-07-08, 17:03:40, 81, 235
2023-07-08, 17:03:41, 85, 234
2023-07-08, 17:03:42, 79, 233
2023-07-08, 17:03:43, 82, 235
2023-07-08, 17:03:44, 80, 234
2023-07-08, 17:03:45, 80, 235
2023-07-08, 17:03:46, 81, 236
2023-07-08, 17:03:47, 81, 236
2023-07-08, 17:03:48, 81, 233
2023-07-08, 17:03:49, 149, 303
2023-07-08, 17:03:50, 81, 233
2023-07-08, 17:03:51, 82, 233
2023-07-08, 17:03:52, 83, 234
2023-07-08, 17:03:53, 83, 235
2023-07-08, 17:03:54, 99, 237
2023-07-08, 17:03:55, 89, 236
2023-07-08, 17:03:56, 94, 234
2023-07-08, 17:03:57, 92, 237
2023-07-08, 17:03:58, 89, 237
2023-07-08, 17:04:00, 100, 252
2023-07-08, 17:04:01, 98, 267
2023-07-08, 17:04:02, 82, 243
2023-07-08, 17:04:03, 80, 238
2023-07-08, 17:04:04, 79, 235
2023-07-08, 17:04:05, 79, 235
2023-07-08, 17:04:06, 102, 258
2023-07-08, 17:04:07, 80, 237
2023-07-08, 17:04:08, 79, 236
2023-07-08, 17:04:09, 82, 234
2023-07-08, 17:04:10, 79, 235
2023-07-08, 17:04:11, 89, 244
2023-07-08, 17:04:12, 80, 251
2023-07-08, 17:04:13, 80, 242
2023-07-08, 17:04:14, 79, 243
2023-07-08, 17:04:15, 81, 238
2023-07-08, 17:04:16, 79, 237
2023-07-08, 17:04:17, 80, 234
2023-07-08, 17:04:18, 81, 235
2023-07-08, 17:04:19, 80, 235
2023-07-08, 17:04:20, 82, 235
2023-07-08, 17:04:21, 82, 235
2023-07-08, 17:04:22, 81, 235
2023-07-08, 17:04:23, 80, 235
2023-07-08, 17:04:24, 80, 233
2023-07-08, 17:04:25, 81, 235
2023-07-08, 17:04:26, 83, 234
2023-07-08, 17:04:27, 144, 302
2023-07-08, 17:04:28, 82, 236
2023-07-08, 17:04:29, 82, 233
2023-07-08, 17:04:30, 80, 234
2023-07-08, 17:04:31, 79, 237
2023-07-08, 17:04:32, 79, 235
2023-07-08, 17:04:33, 82, 235
2023-07-08, 17:04:34, 81, 236
2023-07-08, 17:04:35, 80, 240
2023-07-08, 17:04:36, 80, 238
2023-07-08, 17:04:37, 84, 235
2023-07-08, 17:04:38, 80, 235
2023-07-08, 17:04:39, 81, 236
2023-07-08, 17:04:40, 81, 234
2023-07-08, 17:04:41, 82, 235
2023-07-08, 17:04:42, 84, 241
2023-07-08, 17:04:43, 123, 278
2023-07-08, 17:04:44, 82, 234
2023-07-08, 17:04:45, 81, 237
2023-07-08, 17:04:46, 81, 236
2023-07-08, 17:04:47, 79, 237
2023-07-08, 17:04:48, 81, 235
2023-07-08, 17:04:49, 83, 241
2023-07-08, 17:04:50, 81, 234
2023-07-08, 17:04:51, 82, 235
2023-07-08, 17:04:52, 80, 235
2023-07-08, 17:04:53, 82, 235
2023-07-08, 17:04:54, 80, 234
2023-07-08, 17:04:55, 83, 234
2023-07-08, 17:04:56, 81, 235
2023-07-08, 17:04:57, 82, 234
2023-07-08, 17:04:58, 81, 235
2023-07-08, 17:04:59, 81, 235
2023-07-08, 17:05:00, 80, 234
2023-07-08, 17:05:01, 87, 234
2023-07-08, 17:05:02, 104, 264
2023-07-08, 17:05:03, 122, 263
2023-07-08, 17:05:05, 103, 260
2023-07-08, 17:05:06, 133, 289
2023-07-08, 17:05:07, 80, 246
2023-07-08, 17:05:08, 80, 237
2023-07-08, 17:05:09, 80, 234
2023-07-08, 17:05:10, 83, 234
2023-07-08, 17:05:11, 81, 235
2023-07-08, 17:05:12, 80, 235
2023-07-08, 17:05:13, 83, 237
2023-07-08, 17:05:14, 80, 234
2023-07-08, 17:05:15, 82, 0
2023-07-08, 17:05:16, 91, 252
2023-07-08, 17:05:17, 81, 235
2023-07-08, 17:05:18, 82, 234
2023-07-08, 17:05:19, 199, 355
2023-07-08, 17:05:20, 82, 233
2023-07-08, 17:05:21, 81, 234
2023-07-08, 17:05:22, 84, 235
2023-07-08, 17:05:23, 81, 236
2023-07-08, 17:05:24, 79, 235
2023-07-08, 17:05:25, 81, 236
2023-07-08, 17:05:26, 82, 234
2023-07-08, 17:05:27, 81, 236
2023-07-08, 17:05:28, 80, 235
2023-07-08, 17:05:29, 81, 234
2023-07-08, 17:05:30, 80, 238
2023-07-08, 17:05:31, 80, 235
2023-07-08, 17:05:32, 82, 235
2023-07-08, 17:05:33, 80, 236
2023-07-08, 17:05:34, 81, 238
2023-07-08, 17:05:35, 81, 236
2023-07-08, 17:05:36, 80, 237
2023-07-08, 17:05:37, 80, 236
2023-07-08, 17:05:38, 79, 234
2023-07-08, 17:05:39, 82, 235
2023-07-08, 17:05:40, 84, 235
2023-07-08, 17:05:41, 81, 237
2023-07-08, 17:05:42, 80, 233
2023-07-08, 17:05:43, 81, 233
2023-07-08, 17:05:44, 80, 233
2023-07-08, 17:05:45, 80, 237
2023-07-08, 17:05:46, 80, 237
2023-07-08, 17:05:47, 79, 236
2023-07-08, 17:05:48, 80, 235
2023-07-08, 17:05:49, 82, 234
2023-07-08, 17:05:50, 80, 236
2023-07-08, 17:05:51, 82, 240
2023-07-08, 17:05:52, 79, 234
2023-07-08, 17:05:53, 82, 234
2023-07-08, 17:05:54, 80, 233
2023-07-08, 17:05:55, 80, 234
2023-07-08, 17:05:56, 80, 235
2023-07-08, 17:05:57, 82, 233
2023-07-08, 17:05:58, 81, 237
2023-07-08, 17:05:59, 81, 233
2023-07-08, 17:06:00, 82, 233
2023-07-08, 17:06:01, 82, 235
2023-07-08, 17:06:02, 80, 234
2023-07-08, 17:06:03, 82, 238
2023-07-08, 17:06:04, 81, 239
2023-07-08, 17:06:05, 83, 235
2023-07-08, 17:06:06, 81, 235
2023-07-08, 17:06:07, 147, 286
2023-07-08, 17:06:09, 265, 409
2023-07-08, 17:06:10, 293, 448
2023-07-08, 17:06:10, 93, 233
2023-07-08, 17:06:12, 80, 251
2023-07-08, 17:06:13, 185, 340
2023-07-08, 17:06:14, 166, 317
2023-07-08, 17:06:15, 80, 236
2023-07-08, 17:06:16, 81, 236
2023-07-08, 17:06:17, 296, 452
2023-07-08, 17:06:18, 81, 236
2023-07-08, 17:06:19, 82, 235
2023-07-08, 17:06:20, 81, 236
2023-07-08, 17:06:21, 83, 236
2023-07-08, 17:06:22, 80, 246
2023-07-08, 17:06:23, 80, 251
2023-07-08, 17:06:24, 81, 239
2023-07-08, 17:06:25, 81, 250
2023-07-08, 17:06:26, 81, 234
2023-07-08, 17:06:27, 79, 236
2023-07-08, 17:06:28, 80, 234
2023-07-08, 17:06:29, 81, 234
2023-07-08, 17:06:30, 83, 233
2023-07-08, 17:06:31, 80, 235
2023-07-08, 17:06:32, 82, 234
2023-07-08, 17:06:33, 80, 237
2023-07-08, 17:06:34, 81, 237
2023-07-08, 17:06:35, 81, 236
2023-07-08, 17:06:36, 80, 233
2023-07-08, 17:06:38, 0, 0
2023-07-08, 17:06:39, 0, 0
2023-07-08, 17:06:40, 0, 0
2023-07-08, 17:06:40, 81, 237
2023-07-08, 17:06:41, 83, 235
2023-07-08, 17:06:42, 83, 234
2023-07-08, 17:06:43, 82, 240
2023-07-08, 17:06:44, 80, 233
2023-07-08, 17:06:45, 81, 233
2023-07-08, 17:06:46, 84, 236
2023-07-08, 17:06:47, 81, 234
2023-07-08, 17:06:48, 82, 234
2023-07-08, 17:06:49, 82, 234
2023-07-08, 17:06:50, 81, 237
2023-07-08, 17:06:51, 79, 234
2023-07-08, 17:06:52, 81, 236
2023-07-08, 17:06:53, 83, 235
2023-07-08, 17:06:54, 80, 236
2023-07-08, 17:06:55, 80, 237
2023-07-08, 17:06:56, 82, 237
2023-07-08, 17:06:57, 83, 235
2023-07-08, 17:06:58, 79, 237
2023-07-08, 17:06:59, 81, 240
2023-07-08, 17:07:00, 81, 237
2023-07-08, 17:07:01, 80, 236
2023-07-08, 17:07:02, 83, 234
2023-07-08, 17:07:03, 107, 256
2023-07-08, 17:07:05, 155, 305
2023-07-08, 17:07:05, 90, 238
2023-07-08, 17:07:06, 80, 237
2023-07-08, 17:07:07, 92, 235
2023-07-08, 17:07:08, 91, 237
2023-07-08, 17:07:10, 84, 235
2023-07-08, 17:07:11, 82, 234
2023-07-08, 17:07:12, 82, 255
2023-07-08, 17:07:13, 81, 248
2023-07-08, 17:07:14, 80, 236
2023-07-08, 17:07:15, 83, 238
2023-07-08, 17:07:16, 79, 233
2023-07-08, 17:07:17, 80, 234
2023-07-08, 17:07:18, 163, 310
2023-07-08, 17:07:19, 135, 309
2023-07-08, 17:07:20, 81, 236
2023-07-08, 17:07:21, 81, 236
2023-07-08, 17:07:22, 95, 255
2023-07-08, 17:07:23, 137, 290
2023-07-08, 17:07:24, 80, 239
2023-07-08, 17:07:25, 82, 236
2023-07-08, 17:07:26, 80, 237
2023-07-08, 17:07:27, 80, 237
2023-07-08, 17:07:28, 81, 234
2023-07-08, 17:07:29, 81, 237
2023-07-08, 17:07:30, 79, 236
2023-07-08, 17:07:31, 80, 234
2023-07-08, 17:07:32, 81, 234
2023-07-08, 17:07:33, 81, 235
2023-07-08, 17:07:34, 80, 234
2023-07-08, 17:07:36, 81, 0
2023-07-08, 17:07:36, 80, 238
2023-07-08, 17:07:37, 83, 237
2023-07-08, 17:07:38, 89, 243
2023-07-08, 17:07:39, 81, 236
2023-07-08, 17:07:40, 80, 235
2023-07-08, 17:07:41, 81, 234
2023-07-08, 17:07:42, 82, 234
2023-07-08, 17:07:43, 83, 234
2023-07-08, 17:07:44, 80, 234
2023-07-08, 17:07:45, 79, 233
2023-07-08, 17:07:46, 82, 234
2023-07-08, 17:07:47, 80, 234
2023-07-08, 17:07:48, 80, 233
2023-07-08, 17:07:49, 79, 234
2023-07-08, 17:07:50, 79, 234
2023-07-08, 17:07:51, 83, 236
2023-07-08, 17:07:52, 80, 235
2023-07-08, 17:07:53, 79, 235
2023-07-08, 17:07:54, 83, 233
2023-07-08, 17:07:55, 83, 234
2023-07-08, 17:07:56, 80, 236
2023-07-08, 17:07:57, 80, 235
2023-07-08, 17:07:58, 80, 236
2023-07-08, 17:07:59, 83, 235
2023-07-08, 17:08:00, 81, 234
2023-07-08, 17:08:01, 80, 234
2023-07-08, 17:08:02, 81, 233
2023-07-08, 17:08:03, 80, 236
2023-07-08, 17:08:04, 80, 235
2023-07-08, 17:08:05, 91, 237
2023-07-08, 17:08:06, 86, 234
2023-07-08, 17:08:07, 93, 234
2023-07-08, 17:08:08, 94, 238
2023-07-08, 17:08:10, 87, 234
2023-07-08, 17:08:11, 79, 252
2023-07-08, 17:08:12, 80, 236
2023-07-08, 17:08:13, 80, 0
2023-07-08, 17:08:14, 80, 235
2023-07-08, 17:08:15, 80, 237
2023-07-08, 17:08:16, 80, 236
2023-07-08, 17:08:17, 79, 234
2023-07-08, 17:08:18, 83, 234
2023-07-08, 17:08:19, 80, 235
2023-07-08, 17:08:20, 80, 243
2023-07-08, 17:08:21, 79, 242
2023-07-08, 17:08:22, 79, 235
2023-07-08, 17:08:23, 81, 235
2023-07-08, 17:08:24, 79, 236
2023-07-08, 17:08:25, 81, 237
2023-07-08, 17:08:26, 81, 235
2023-07-08, 17:08:27, 303, 450
2023-07-08, 17:08:28, 81, 234
2023-07-08, 17:08:29, 80, 234
2023-07-08, 17:08:30, 81, 234
2023-07-08, 17:08:31, 137, 294
2023-07-08, 17:08:32, 114, 266
2023-07-08, 17:08:33, 81, 236
2023-07-08, 17:08:34, 221, 376
2023-07-08, 17:08:35, 81, 234
2023-07-08, 17:08:36, 81, 233
2023-07-08, 17:08:37, 81, 236
2023-07-08, 17:08:38, 82, 234
2023-07-08, 17:08:39, 82, 236
2023-07-08, 17:08:40, 81, 236
2023-07-08, 17:08:41, 82, 234
2023-07-08, 17:08:42, 80, 235
2023-07-08, 17:08:43, 80, 234
2023-07-08, 17:08:44, 81, 234
2023-07-08, 17:08:45, 81, 235
2023-07-08, 17:08:46, 80, 234
2023-07-08, 17:08:47, 81, 236
2023-07-08, 17:08:48, 87, 244
2023-07-08, 17:08:49, 80, 234
2023-07-08, 17:08:50, 81, 234
2023-07-08, 17:08:51, 84, 238
2023-07-08, 17:08:52, 81, 234
2023-07-08, 17:08:53, 107, 237
2023-07-08, 17:08:54, 86, 235
2023-07-08, 17:08:55, 82, 237
2023-07-08, 17:08:56, 96, 235
2023-07-08, 17:08:57, 94, 235
2023-07-08, 17:08:58, 85, 235
2023-07-08, 17:09:00, 81, 255
2023-07-08, 17:09:01, 80, 244
2023-07-08, 17:09:02, 83, 241
2023-07-08, 17:09:03, 81, 234
2023-07-08, 17:09:04, 80, 237
2023-07-08, 17:09:05, 80, 234
2023-07-08, 17:09:06, 82, 241
2023-07-08, 17:09:07, 81, 235
2023-07-08, 17:09:08, 79, 234
2023-07-08, 17:09:09, 80, 237
2023-07-08, 17:09:10, 83, 235
2023-07-08, 17:09:11, 80, 234
2023-07-08, 17:09:12, 79, 237
2023-07-08, 17:09:13, 86, 243
2023-07-08, 17:09:14, 82, 248
2023-07-08, 17:09:15, 80, 247
2023-07-08, 17:09:16, 80, 239
2023-07-08, 17:09:17, 80, 236
2023-07-08, 17:09:18, 78, 233
2023-07-08, 17:09:19, 81, 235
2023-07-08, 17:09:20, 80, 235
2023-07-08, 17:09:21, 80, 236
2023-07-08, 17:09:22, 79, 235
2023-07-08, 17:09:23, 80, 236
2023-07-08, 17:09:24, 80, 234
2023-07-08, 17:09:25, 81, 237
2023-07-08, 17:09:26, 81, 237
2023-07-08, 17:09:27, 83, 234
2023-07-08, 17:09:28, 80, 236
2023-07-08, 17:09:29, 80, 236
2023-07-08, 17:09:30, 80, 236
2023-07-08, 17:09:31, 80, 234
2023-07-08, 17:09:32, 80, 238
2023-07-08, 17:09:33, 80, 234
2023-07-08, 17:09:34, 81, 236
2023-07-08, 17:09:35, 80, 235
2023-07-08, 17:09:36, 219, 381
2023-07-08, 17:09:37, 190, 339
2023-07-08, 17:09:38, 81, 234
2023-07-08, 17:09:39, 110, 264
2023-07-08, 17:09:40, 80, 235
2023-07-08, 17:09:41, 105, 260
2023-07-08, 17:09:42, 81, 234
2023-07-08, 17:09:43, 79, 237
2023-07-08, 17:09:44, 80, 234
2023-07-08, 17:09:45, 80, 234
2023-07-08, 17:09:46, 81, 233
2023-07-08, 17:09:47, 81, 233
2023-07-08, 17:09:48, 81, 235
2023-07-08, 17:09:49, 80, 235
2023-07-08, 17:09:50, 80, 238
2023-07-08, 17:09:51, 81, 234
2023-07-08, 17:09:52, 81, 233
2023-07-08, 17:09:53, 82, 233
2023-07-08, 17:09:54, 80, 235
2023-07-08, 17:09:55, 80, 235
2023-07-08, 17:09:56, 79, 234
2023-07-08, 17:09:57, 82, 234
2023-07-08, 17:09:58, 82, 234
2023-07-08, 17:09:59, 82, 234
2023-07-08, 17:10:00, 79, 237
2023-07-08, 17:10:01, 80, 235
2023-07-08, 17:10:02, 80, 234
2023-07-08, 17:10:03, 80, 235
2023-07-08, 17:10:04, 81, 236
2023-07-08, 17:10:05, 81, 234
2023-07-08, 17:10:06, 80, 235
2023-07-08, 17:10:07, 80, 234
2023-07-08, 17:10:08, 80, 235
2023-07-08, 17:10:09, 98, 236
2023-07-08, 17:10:10, 96, 233
2023-07-08, 17:10:11, 92, 234
2023-07-08, 17:10:12, 93, 234
2023-07-08, 17:10:13, 87, 237
2023-07-08, 17:10:14, 97, 234
2023-07-08, 17:10:15, 92, 235
2023-07-08, 17:10:16, 89, 234
2023-07-08, 17:10:17, 97, 235
2023-07-08, 17:10:19, 87, 235
2023-07-08, 17:10:20, 80, 253
2023-07-08, 17:10:21, 80, 252
2023-07-08, 17:10:22, 80, 235
2023-07-08, 17:10:23, 81, 235
2023-07-08, 17:10:24, 81, 237
2023-07-08, 17:10:25, 82, 237
2023-07-08, 17:10:26, 79, 234
2023-07-08, 17:10:27, 80, 235
2023-07-08, 17:10:28, 80, 234
2023-07-08, 17:10:29, 81, 234
2023-07-08, 17:10:30, 82, 251
2023-07-08, 17:10:31, 83, 249
2023-07-08, 17:10:32, 82, 240
2023-07-08, 17:10:33, 82, 238
2023-07-08, 17:10:34, 80, 236
2023-07-08, 17:10:35, 81, 235
2023-07-08, 17:10:36, 80, 235
2023-07-08, 17:10:37, 80, 236
2023-07-08, 17:10:38, 80, 235
2023-07-08, 17:10:39, 82, 235
2023-07-08, 17:10:40, 80, 234
2023-07-08, 17:10:41, 80, 235
2023-07-08, 17:10:42, 82, 234
2023-07-08, 17:10:43, 83, 237
2023-07-08, 17:10:44, 83, 240
2023-07-08, 17:10:45, 79, 235
2023-07-08, 17:10:46, 78, 234
2023-07-08, 17:10:47, 89, 233
2023-07-08, 17:10:48, 80, 234
2023-07-08, 17:10:49, 145, 270
2023-07-08, 17:10:50, 180, 336
2023-07-08, 17:10:51, 79, 234
2023-07-08, 17:10:52, 80, 233
2023-07-08, 17:10:53, 154, 305
2023-07-08, 17:10:54, 81, 238
2023-07-08, 17:10:55, 80, 236
2023-07-08, 17:10:56, 83, 235
2023-07-08, 17:10:57, 81, 234
2023-07-08, 17:10:58, 100, 236
2023-07-08, 17:10:59, 87, 234
2023-07-08, 17:11:00, 82, 233
2023-07-08, 17:11:02, 81, 233
2023-07-08, 17:11:03, 104, 251
2023-07-08, 17:11:04, 80, 251
2023-07-08, 17:11:05, 80, 235
2023-07-08, 17:11:06, 82, 238
2023-07-08, 17:11:07, 93, 248
2023-07-08, 17:11:08, 88, 234
2023-07-08, 17:11:09, 84, 233
2023-07-08, 17:11:10, 87, 257
2023-07-08, 17:11:11, 90, 242
2023-07-08, 17:11:12, 79, 240
2023-07-08, 17:11:13, 82, 237
2023-07-08, 17:11:14, 79, 236
2023-07-08, 17:11:16, 0, 0
2023-07-08, 17:11:16, 83, 235
2023-07-08, 17:11:17, 79, 235
2023-07-08, 17:11:18, 201, 357
2023-07-08, 17:11:20, 94, 0
2023-07-08, 17:11:20, 81, 233
2023-07-08, 17:11:21, 82, 242
2023-07-08, 17:11:22, 121, 275
2023-07-08, 17:11:23, 82, 234
2023-07-08, 17:11:24, 80, 276
2023-07-08, 17:11:25, 131, 287
2023-07-08, 17:11:26, 143, 297
2023-07-08, 17:11:28, 80, 0
2023-07-08, 17:11:28, 95, 239
2023-07-08, 17:11:29, 183, 234
2023-07-08, 17:11:30, 80, 236
2023-07-08, 17:11:31, 79, 238
2023-07-08, 17:11:32, 82, 237
2023-07-08, 17:11:33, 82, 236
2023-07-08, 17:11:34, 144, 296
2023-07-08, 17:11:35, 80, 235
2023-07-08, 17:11:36, 80, 237
2023-07-08, 17:11:37, 125, 282
2023-07-08, 17:11:38, 80, 238
2023-07-08, 17:11:39, 79, 238
2023-07-08, 17:11:40, 80, 235
2023-07-08, 17:11:41, 81, 234
2023-07-08, 17:11:42, 91, 244
2023-07-08, 17:11:44, 139, 320
2023-07-08, 17:11:45, 91, 246
2023-07-08, 17:11:46, 80, 248
2023-07-08, 17:11:47, 98, 247
2023-07-08, 17:11:48, 89, 254
2023-07-08, 17:11:49, 80, 235
2023-07-08, 17:11:50, 87, 235
2023-07-08, 17:11:51, 84, 246
2023-07-08, 17:11:52, 83, 238
2023-07-08, 17:11:53, 81, 250
2023-07-08, 17:11:54, 100, 256
2023-07-08, 17:11:55, 81, 235
2023-07-08, 17:11:56, 81, 237
2023-07-08, 17:11:57, 79, 235
2023-07-08, 17:11:58, 79, 234
2023-07-08, 17:11:59, 105, 241
2023-07-08, 17:12:00, 81, 236
2023-07-08, 17:12:01, 79, 233
2023-07-08, 17:12:02, 81, 234
2023-07-08, 17:12:03, 81, 233
2023-07-08, 17:12:04, 85, 236
2023-07-08, 17:12:05, 87, 236
2023-07-08, 17:12:06, 79, 234
2023-07-08, 17:12:07, 80, 236
2023-07-08, 17:12:08, 79, 234
2023-07-08, 17:12:09, 80, 244
2023-07-08, 17:12:10, 80, 235
2023-07-08, 17:12:11, 81, 234
2023-07-08, 17:12:12, 85, 235
2023-07-08, 17:12:13, 81, 233
2023-07-08, 17:12:14, 82, 234
2023-07-08, 17:12:15, 79, 234
2023-07-08, 17:12:16, 79, 234
2023-07-08, 17:12:17, 84, 236
2023-07-08, 17:12:18, 129, 281
2023-07-08, 17:12:19, 80, 234
2023-07-08, 17:12:20, 81, 234
2023-07-08, 17:12:21, 80, 233
2023-07-08, 17:12:22, 79, 234
2023-07-08, 17:12:23, 89, 238
2023-07-08, 17:12:24, 81, 241
2023-07-08, 17:12:25, 84, 237
2023-07-08, 17:12:26, 92, 247
2023-07-08, 17:12:27, 79, 235
2023-07-08, 17:12:28, 103, 235
2023-07-08, 17:12:29, 85, 237
2023-07-08, 17:12:30, 94, 235
2023-07-08, 17:12:31, 91, 237
2023-07-08, 17:12:32, 95, 235
2023-07-08, 17:12:34, 169, 321
2023-07-08, 17:12:35, 80, 255
2023-07-08, 17:12:36, 80, 247
2023-07-08, 17:12:37, 81, 236
2023-07-08, 17:12:38, 81, 236
2023-07-08, 17:12:39, 79, 254
2023-07-08, 17:12:40, 80, 236
2023-07-08, 17:12:41, 174, 331
2023-07-08, 17:12:42, 80, 244
2023-07-08, 17:12:43, 79, 0
2023-07-08, 17:12:44, 80, 237
2023-07-08, 17:12:45, 95, 234
2023-07-08, 17:12:46, 98, 251
2023-07-08, 17:12:47, 87, 244
2023-07-08, 17:12:48, 82, 239
2023-07-08, 17:12:49, 100, 252
2023-07-08, 17:12:50, 80, 233
2023-07-08, 17:12:51, 80, 234
2023-07-08, 17:12:52, 93, 247
2023-07-08, 17:12:53, 272, 408
2023-07-08, 17:12:54, 83, 234
2023-07-08, 17:12:55, 82, 235
2023-07-08, 17:12:56, 79, 233
2023-07-08, 17:12:57, 144, 301
2023-07-08, 17:12:58, 82, 238
2023-07-08, 17:12:59, 81, 235
2023-07-08, 17:13:00, 81, 235
2023-07-08, 17:13:01, 119, 277
2023-07-08, 17:13:02, 80, 235
2023-07-08, 17:13:03, 79, 234
2023-07-08, 17:13:04, 80, 234
2023-07-08, 17:13:05, 79, 240
2023-07-08, 17:13:06, 83, 235
2023-07-08, 17:13:07, 81, 235
2023-07-08, 17:13:08, 83, 235
2023-07-08, 17:13:09, 80, 234
2023-07-08, 17:13:10, 81, 236
2023-07-08, 17:13:11, 80, 233
2023-07-08, 17:13:12, 143, 294
2023-07-08, 17:13:13, 93, 238
2023-07-08, 17:13:14, 137, 283
2023-07-08, 17:13:15, 91, 235
2023-07-08, 17:13:16, 83, 234
2023-07-08, 17:13:17, 86, 236
2023-07-08, 17:13:18, 89, 234
2023-07-08, 17:13:19, 83, 240
2023-07-08, 17:13:21, 81, 233
2023-07-08, 17:13:22, 81, 268
2023-07-08, 17:13:23, 79, 240
2023-07-08, 17:13:24, 80, 250
2023-07-08, 17:13:25, 82, 238
2023-07-08, 17:13:26, 84, 234
